{"training_loss": 2.3022282123565674, "training_acc": 0.0625, "_timestamp": 1665772761.516685, "_runtime": 1304.523572921753, "_step": 22509, "test_loss": 2.304100275039673, "test_accuracy": 0.11349999904632568}